{"coordinate":[-74.0150093134,40.7058008084],"geometry_type":"LineString","incident_type":9}
{"coordinate":[-74.0286952849,40.728558034],"geometry_type":"LineString","incident_type":9}
{"coordinate":[-74.0147786434,40.7059550847],"geometry_type":"LineString","incident_type":9}
{"coordinate":[-74.0137305702,40.7070406636],"geometry_type":"LineString","incident_type":8}
{"coordinate":[-74.01029667214999,40.70437052695],"geometry_type":"LineString","incident_type":8}
{"coordinate":[-74.00955705300001,40.717663566149994],"geometry_type":"LineString","incident_type":8}
{"coordinate":[-74.0090849842,40.71084738905],"geometry_type":"LineString","incident_type":9}
{"coordinate":[-74.0088362093,40.7426597534],"geometry_type":"LineString","incident_type":9}
{"coordinate":[-74.00874568475,40.716761000800005],"geometry_type":"LineString","incident_type":8}
{"coordinate":[-74.0082756276,40.750246371],"geometry_type":"LineString","incident_type":9}
{"coordinate":[-74.00850830925,40.712183817799996],"geometry_type":"LineString","incident_type":6}
{"coordinate":[-74.0086323614,40.7152542725],"geometry_type":"LineString","incident_type":9}
{"coordinate":[-74.00831720184999,40.71116659175],"geometry_type":"LineString","incident_type":8}
{"coordinate":[-74.00868935835,40.7375548369],"geometry_type":"LineString","incident_type":6}
{"coordinate":[-74.0069211121,40.7109050787],"geometry_type":"LineString","incident_type":8}
{"coordinate":[-74.0073355134,40.7400446143],"geometry_type":"LineString","incident_type":8}
{"coordinate":[-74.0068084593,40.7406547951],"geometry_type":"LineString","incident_type":8}
{"coordinate":[-74.00565510940001,40.73280060665],"geometry_type":"LineString","incident_type":8}
{"coordinate":[-74.005790561,40.7323547005],"geometry_type":"LineString","incident_type":8}
{"coordinate":[-74.0079644914,40.7393901624],"geometry_type":"LineString","incident_type":8}
{"coordinate":[-74.0069921906,40.7103907559],"geometry_type":"LineString","incident_type":8}
{"coordinate":[-74.00514683079999,40.741355498749996],"geometry_type":"LineString","incident_type":8}
{"coordinate":[-74.00458557855,40.7252341049],"geometry_type":"LineString","incident_type":0}
{"coordinate":[-74.0046331878,40.7397334561],"geometry_type":"LineString","incident_type":6}
{"coordinate":[-74.0043126638,40.7387557731],"geometry_type":"LineString","incident_type":6}
{"coordinate":[-74.0045299227,40.716277567],"geometry_type":"LineString","incident_type":6}
{"coordinate":[-74.0028589065,40.7454546296],"geometry_type":"LineString","incident_type":0}
{"coordinate":[-74.0022802199,40.724705028550005],"geometry_type":"LineString","incident_type":8}
{"coordinate":[-74.00217360215,40.708531312299996],"geometry_type":"LineString","incident_type":8}
{"coordinate":[-74.00208307759999,40.713994969949994],"geometry_type":"LineString","incident_type":8}
{"coordinate":[-74.00208307759999,40.713994969949994],"geometry_type":"LineString","incident_type":8}
{"coordinate":[-74.00223395185,40.7109251885],"geometry_type":"LineString","incident_type":6}
{"coordinate":[-74.0018316205,40.7183147066],"geometry_type":"LineString","incident_type":6}
{"coordinate":[-74.0020502205,40.7476647708],"geometry_type":"LineString","incident_type":6}
{"coordinate":[-74.0006380375,40.7111116336],"geometry_type":"LineString","incident_type":8}
{"coordinate":[-74.0006380375,40.7111116336],"geometry_type":"LineString","incident_type":8}
{"coordinate":[-74.00033830059999,40.733769550299996],"geometry_type":"LineString","incident_type":8}
{"coordinate":[-74.0035375054,40.7114844588],"geometry_type":"LineString","incident_type":6}
{"coordinate":[-74.00053007849999,40.7143986561],"geometry_type":"LineString","incident_type":6}
{"coordinate":[-74.0009679492,40.7187411728],"geometry_type":"LineString","incident_type":6}
{"coordinate":[-73.9972678418,40.7221461975],"geometry_type":"LineString","incident_type":8}
{"coordinate":[-73.99894690465001,40.73955909405],"geometry_type":"LineString","incident_type":6}
{"coordinate":[-73.997090816,40.7472114722],"geometry_type":"LineString","incident_type":9}
{"coordinate":[-73.9966348405,40.7376158385],"geometry_type":"LineString","incident_type":9}
{"coordinate":[-73.9975394155,40.74403437385],"geometry_type":"LineString","incident_type":0}
{"coordinate":[-73.99507513595,40.72146895435],"geometry_type":"LineString","incident_type":8}
{"coordinate":[-73.9947975273,40.7184622199],"geometry_type":"LineString","incident_type":6}
{"coordinate":[-73.9944367702,40.7452641847],"geometry_type":"LineString","incident_type":6}
{"coordinate":[-73.99093246415,40.71590607095],"geometry_type":"LineString","incident_type":8}
{"coordinate":[-73.9909914727,40.7315420184],"geometry_type":"LineString","incident_type":8}
{"coordinate":[-73.99006476955,40.71844074655],"geometry_type":"LineString","incident_type":0}
{"coordinate":[-74.0033551152,40.679838418],"geometry_type":"LineString","incident_type":6}
{"coordinate":[-73.9902297254,40.7181229135],"geometry_type":"LineString","incident_type":0}
{"coordinate":[-73.9890904571,40.7434322272],"geometry_type":"LineString","incident_type":8}
{"coordinate":[-73.9889731104,40.7440505065],"geometry_type":"LineString","incident_type":8}
{"coordinate":[-73.9891072209,40.7203021696],"geometry_type":"LineString","incident_type":0}
{"coordinate":[-73.9880578066,40.7206502291],"geometry_type":"LineString","incident_type":0}
{"coordinate":[-73.9885278637,40.7214649524],"geometry_type":"LineString","incident_type":0}
{"coordinate":[-73.98755355130001,40.703454563150004],"geometry_type":"LineString","incident_type":8}
{"coordinate":[-73.9884266104,40.704440963150006],"geometry_type":"LineString","incident_type":8}
{"coordinate":[-73.98725113225001,40.720406128449994],"geometry_type":"LineString","incident_type":6}
{"coordinate":[-73.9929642375,40.7015388166],"geometry_type":"LineString","incident_type":9}
{"coordinate":[-73.9877567287,40.749783722],"geometry_type":"LineString","incident_type":6}
{"coordinate":[-73.98500545274999,40.73368307535],"geometry_type":"LineString","incident_type":8}
{"coordinate":[-73.9847633834,40.7340056309],"geometry_type":"LineString","incident_type":8}
{"coordinate":[-73.9843583698,40.7508391234],"geometry_type":"LineString","incident_type":6}
{"coordinate":[-73.98307158005,40.710827978850006],"geometry_type":"LineString","incident_type":9}
{"coordinate":[-73.9785674806,40.7451072689],"geometry_type":"LineString","incident_type":9}
{"coordinate":[-73.9798965151,40.7268615513],"geometry_type":"LineString","incident_type":0}
{"coordinate":[-73.9798965151,40.7268615513],"geometry_type":"LineString","incident_type":0}
{"coordinate":[-73.978855818,40.7157263736],"geometry_type":"LineString","incident_type":6}
{"coordinate":[-73.9772867258,40.7404456017],"geometry_type":"LineString","incident_type":6}
{"coordinate":[-73.97666914715,40.74367564085],"geometry_type":"LineString","incident_type":9}
{"coordinate":[-73.9748244579,40.7351026294],"geometry_type":"LineString","incident_type":9}
{"coordinate":[-73.9749324168,40.73539967705],"geometry_type":"LineString","incident_type":9}
{"coordinate":[-73.9744006689,40.7324123723],"geometry_type":"LineString","incident_type":9}
{"coordinate":[-73.97390915405,40.74482159895],"geometry_type":"LineString","incident_type":8}
{"coordinate":[-73.9744811351,40.7374173688],"geometry_type":"LineString","incident_type":9}
{"coordinate":[-73.9725740845,40.7450750729],"geometry_type":"LineString","incident_type":9}
{"coordinate":[-73.97246411395,40.7461935427],"geometry_type":"LineString","incident_type":6}
{"coordinate":[-73.9749344285,40.7501001982],"geometry_type":"LineString","incident_type":6}
{"coordinate":[-73.971008345,40.74723696715],"geometry_type":"LineString","incident_type":9}
{"coordinate":[-73.9749102886,40.7359448644],"geometry_type":"LineString","incident_type":9}
{"coordinate":[-73.9678896065,40.7481395332],"geometry_type":"LineString","incident_type":6}
{"coordinate":[-73.9724453385,40.6960644134],