{"coordinate":[-74.0150703336,40.70676039085],"geometry_type":"LineString","incident_type":6}
{"coordinate":[-74.0286952849,40.728558034],"geometry_type":"LineString","incident_type":9}
{"coordinate":[-74.0147786434,40.7059550847],"geometry_type":"LineString","incident_type":9}
{"coordinate":[-74.0115358527,40.72382930135],"geometry_type":"LineString","incident_type":6}
{"coordinate":[-74.01029667214999,40.70437052695],"geometry_type":"LineString","incident_type":8}
{"coordinate":[-74.0090849842,40.71084738905],"geometry_type":"LineString","incident_type":9}
{"coordinate":[-74.0088362093,40.7426597534],"geometry_type":"LineString","incident_type":9}
{"coordinate":[-74.00874568475,40.716761000800005],"geometry_type":"LineString","incident_type":8}
{"coordinate":[-74.0082756276,40.750246371],"geometry_type":"LineString","incident_type":9}
{"coordinate":[-74.0086323614,40.7152542725],"geometry_type":"LineString","incident_type":9}
{"coordinate":[-74.00815492825001,40.7223996612],"geometry_type":"LineString","incident_type":6}
{"coordinate":[-74.0093619223,40.70226099725],"geometry_type":"LineString","incident_type":6}
{"coordinate":[-74.00831720184999,40.71116659175],"geometry_type":"LineString","incident_type":8}
{"coordinate":[-74.0074662711,40.7239922388],"geometry_type":"LineString","incident_type":6}
{"coordinate":[-74.0080556865,40.725877834550005],"geometry_type":"LineString","incident_type":6}
{"coordinate":[-74.0069211121,40.7109050787],"geometry_type":"LineString","incident_type":8}
{"coordinate":[-74.0071819569,40.7457684269],"geometry_type":"LineString","incident_type":6}
{"coordinate":[-74.0073355134,40.7400446143],"geometry_type":"LineString","incident_type":8}
{"coordinate":[-74.0065616961,40.7242168882],"geometry_type":"LineString","incident_type":6}
{"coordinate":[-74.0068084593,40.7406547951],"geometry_type":"LineString","incident_type":8}
{"coordinate":[-74.0079631503,40.7149364235],"geometry_type":"LineString","incident_type":6}
{"coordinate":[-74.0131880934,40.6948212399],"geometry_type":"LineString","incident_type":6}
{"coordinate":[-74.00594009414999,40.72535412960001],"geometry_type":"LineString","incident_type":6}
{"coordinate":[-74.00580598364999,40.7255123948],"geometry_type":"LineString","incident_type":6}
{"coordinate":[-74.0126972492,40.6948433552],"geometry_type":"LineString","incident_type":6}
{"coordinate":[-74.0079644914,40.7393901624],"geometry_type":"LineString","incident_type":8}
{"coordinate":[-74.00552636335,40.72173045715],"geometry_type":"LineString","incident_type":6}
{"coordinate":[-74.0069921906,40.7103907559],"geometry_type":"LineString","incident_type":8}
{"coordinate":[-74.00514683079999,40.741355498749996],"geometry_type":"LineString","incident_type":8}
{"coordinate":[-74.0053278799,40.722253491],"geometry_type":"LineString","incident_type":6}
{"coordinate":[-74.00458557855,40.7252341049],"geometry_type":"LineString","incident_type":0}
{"coordinate":[-74.0051260437,40.7236522936],"geometry_type":"LineString","incident_type":6}
{"coordinate":[-74.00567053214999,40.722156964999996],"geometry_type":"LineString","incident_type":6}
{"coordinate":[-74.0032666023,40.7144683828],"geometry_type":"LineString","incident_type":6}
{"coordinate":[-74.0036702747,40.7313045953],"geometry_type":"LineString","incident_type":8}
{"coordinate":[-74.00339736000001,40.723378697200005],"geometry_type":"LineString","incident_type":6}
{"coordinate":[-74.0028589065,40.7454546296],"geometry_type":"LineString","incident_type":0}
{"coordinate":[-74.0042268331,40.7166168193],"geometry_type":"LineString","incident_type":6}
{"coordinate":[-74.0022802199,40.724705028550005],"geometry_type":"LineString","incident_type":8}
{"coordinate":[-74.00208307759999,40.713994969949994],"geometry_type":"LineString","incident_type":8}
{"coordinate":[-74.00208307759999,40.713994969949994],"geometry_type":"LineString","incident_type":8}
{"coordinate":[-74.00139710260001,40.7345219312],"geometry_type":"LineString","incident_type":8}
{"coordinate":[-74.01006399044999,40.6895768344],"geometry_type":"LineString","incident_type":6}
{"coordinate":[-74.0021896954,40.7216205264],"geometry_type":"LineString","incident_type":6}
{"coordinate":[-74.0006380375,40.7111116336],"geometry_type":"LineString","incident_type":8}
{"coordinate":[-74.0006380375,40.7111116336],"geometry_type":"LineString","incident_type":8}
{"coordinate":[-74.00033830059999,40.733769550299996],"geometry_type":"LineString","incident_type":8}
{"coordinate":[-74.0036132778,40.710968106799996],"geometry_type":"LineString","incident_type":6}
{"coordinate":[-73.9972678418,40.7221461975],"geometry_type":"LineString","incident_type":8}
{"coordinate":[-73.997090816,40.7472114722],"geometry_type":"LineString","incident_type":9}
{"coordinate":[-73.9966348405,40.7376158385],"geometry_type":"LineString","incident_type":9}
{"coordinate":[-74.0009679492,40.7187411728],"geometry_type":"LineString","incident_type":6}
{"coordinate":[-73.9975394155,40.74403437385],"geometry_type":"LineString","incident_type":0}
{"coordinate":[-73.99507513595,40.72146895435],"geometry_type":"LineString","incident_type":8}
{"coordinate":[-73.9943925138,40.7220671089],"geometry_type":"LineString","incident_type":8}
{"coordinate":[-73.9947975273,40.7184622199],"geometry_type":"LineString","incident_type":6}
{"coordinate":[-73.9945896561,40.7404375363],"geometry_type":"LineString","incident_type":6}
{"coordinate":[-73.9926839466,40.7259308431],"geometry_type":"LineString","incident_type":8}
{"coordinate":[-73.9930406804,40.7298575532],"geometry_type":"LineString","incident_type":6}
{"coordinate":[-73.9991614814,40.7078272128],"geometry_type":"LineString","incident_type":6}
{"coordinate":[-73.99414105665,40.7467602005],"geometry_type":"LineString","incident_type":6}
{"coordinate":[-73.9910538341,40.7208949663],"geometry_type":"LineString","incident_type":0}
{"coordinate":[-73.99091167705001,40.714604500549996],"geometry_type":"LineString","incident_type":8}
{"coordinate":[-73.99091167705001,40.714604500549996],"geometry_type":"LineString","incident_type":8}
{"coordinate":[-73.99006476955,40.71844074655],"geometry_type":"LineString","incident_type":0}
{"coordinate":[-73.9902297254,40.7181229135],"geometry_type":"LineString","incident_type":0}
{"coordinate":[-73.9890904571,40.7434322272],"geometry_type":"LineString","incident_type":8}
{"coordinate":[-73.9889731104,40.7440505065],"geometry_type":"LineString","incident_type":8}
{"coordinate":[-73.9891072209,40.7203021696],"geometry_type":"LineString","incident_type":0}
{"coordinate":[-73.9880578066,40.7206502291],"geometry_type":"LineString","incident_type":0}
{"coordinate":[-73.9885278637,40.7214649524],"geometry_type":"LineString","incident_type":0}
{"coordinate":[-73.9883615668,40.7200769035],"geometry_type":"LineString","incident_type":6}
{"coordinate":[-73.9918122287,40.7025835455],"geometry_type":"LineString","incident_type":6}
{"coordinate":[-73.98774734095,40.736797091],"geometry_type":"LineString","incident_type":8}
{"coordinate":[-73.9871612783,40.7143074554],"geometry_type":"LineString","incident_type":6}
{"coordinate":[-73.9892332847,40.7045562915],"geometry_type":"LineString","incident_type":6}
{"coordinate":[-73.9881067569,40.7044543705],"geometry_type":"LineString","incident_type":8}
{"coordinate":[-73.98683404875,40.72122355425],"geometry_type":"LineString","incident_type":6}
{"coordinate":[-73.9879525299,40.719952835149996],"geometry_type":"LineString","incident_type":6}
{"coordinate":[-73.9876776035,40.7184715586],"geometry_type":"LineString","incident_type":6}
{"coordinate":[-73.9878546293,40.74982931395],"geometry_type":"LineString","incident_type":6}
{"coordinate":[-73.9929642375,40.7015388166],"geometry_type":"LineString","incident_type":9}
{"coordinate":[-73.9874643679,40.7182060726],"geometry_type":"LineString","incident_type":6}
{"coordinate":[-73.9841960962,40.7263277868],"geometry_type":"LineString",