{"coordinate":[-74.0286952849,40.728558034],"geometry_type":"LineString","incident_type":9}
{"coordinate":[-74.0147786434,40.7059550847],"geometry_type":"LineString","incident_type":9}
{"coordinate":[-74.01029667214999,40.70437052695],"geometry_type":"LineString","incident_type":8}
{"coordinate":[-74.0090849842,40.71084738905],"geometry_type":"LineString","incident_type":9}
{"coordinate":[-74.0088362093,40.7426597534],"geometry_type":"LineString","incident_type":9}
{"coordinate":[-74.0082756276,40.750246371],"geometry_type":"LineString","incident_type":9}
{"coordinate":[-74.0086323614,40.7152542725],"geometry_type":"LineString","incident_type":9}
{"coordinate":[-74.00831720184999,40.71116659175],"geometry_type":"LineString","incident_type":8}
{"coordinate":[-74.0073355134,40.7400446143],"geometry_type":"LineString","incident_type":8}
{"coordinate":[-74.0068084593,40.7406547951],"geometry_type":"LineString","incident_type":8}
{"coordinate":[-74.0079644914,40.7393901624],"geometry_type":"LineString","incident_type":8}
{"coordinate":[-74.0069921906,40.7103907559],"geometry_type":"LineString","incident_type":8}
{"coordinate":[-74.00514683079999,40.741355498749996],"geometry_type":"LineString","incident_type":8}
{"coordinate":[-74.0036702747,40.7313045953],"geometry_type":"LineString","incident_type":8}
{"coordinate":[-74.0022802199,40.724705028550005],"geometry_type":"LineString","incident_type":8}
{"coordinate":[-74.00208307759999,40.713994969949994],"geometry_type":"LineString","incident_type":8}
{"coordinate":[-74.00208307759999,40.713994969949994],"geometry_type":"LineString","incident_type":8}
{"coordinate":[-74.00139710260001,40.7345219312],"geometry_type":"LineString","incident_type":8}
{"coordinate":[-74.0006380375,40.7111116336],"geometry_type":"LineString","incident_type":8}
{"coordinate":[-74.0006380375,40.7111116336],"geometry_type":"LineString","incident_type":8}
{"coordinate":[-74.00033830059999,40.733769550299996],"geometry_type":"LineString","incident_type":8}
{"coordinate":[-73.9972678418,40.7221461975],"geometry_type":"LineString","incident_type":8}
{"coordinate":[-73.997090816,40.7472114722],"geometry_type":"LineString","incident_type":9}
{"coordinate":[-73.9966348405,40.7376158385],"geometry_type":"LineString","incident_type":9}
{"coordinate":[-73.99507513595,40.72146895435],"geometry_type":"LineString","incident_type":8}
{"coordinate":[-73.9943925138,40.7220671089],"geometry_type":"LineString","incident_type":8}
{"coordinate":[-73.9926839466,40.7259308431],"geometry_type":"LineString","incident_type":8}
{"coordinate":[-73.9910538341,40.7208949663],"geometry_type":"LineString","incident_type":0}
{"coordinate":[-73.99091167705001,40.714604500549996],"geometry_type":"LineString","incident_type":8}
{"coordinate":[-73.99091167705001,40.714604500549996],"geometry_type":"LineString","incident_type":8}
{"coordinate":[-73.9933021958,40.7015240742],"geometry_type":"LineString","incident_type":6}
{"coordinate":[-73.9890904571,40.7434322272],"geometry_type":"LineString","incident_type":8}
{"coordinate":[-73.9889731104,40.7440505065],"geometry_type":"LineString","incident_type":8}
{"coordinate":[-73.98932783255,40.7389824366],"geometry_type":"LineString","incident_type":8}
{"coordinate":[-73.98774734095,40.736797091],"geometry_type":"LineString","incident_type":8}
{"coordinate":[-73.99594350115001,40.7001045038],"geometry_type":"LineString","incident_type":6}
{"coordinate":[-73.9872189457,40.7104196015],"geometry_type":"LineString","incident_type":9}
{"coordinate":[-73.9929642375,40.7015388166],"geometry_type":"LineString","incident_type":9}
{"coordinate":[-73.98438586245,40.7106469335],"geometry_type":"LineString","incident_type":7}
{"coordinate":[-73.9841960962,40.7263277868],"geometry_type":"LineString","incident_type":8}
{"coordinate":[-73.9835597421,40.7107950991],"geometry_type":"LineString","incident_type":9}
{"coordinate":[-73.97834888055,40.74542710045],"geometry_type":"LineString","incident_type":9}
{"coordinate":[-73.97666914715,40.74367564085],"geometry_type":"LineString","incident_type":9}
{"coordinate":[-73.9748244579,40.7351026294],"geometry_type":"LineString","incident_type":9}
{"coordinate":[-73.9749324168,40.73539967705],"geometry_type":"LineString","incident_type":9}
{"coordinate":[-73.97390915405,40.74482159895],"geometry_type":"LineString","incident_type":9}
{"coordinate":[-73.9725740845,40.7450750729],"geometry_type":"LineString","incident_type":9}
{"coordinate":[-73.9734122748,40.7307748679],"geometry_type":"LineString","incident_type":7}
{"coordinate":[-73.971008345,40.74723696715],"geometry_type":"LineString","incident_type":9}
{"coordinate":[-73.9690442975,40.7467903321],"geometry_type":"LineString","incident_type":7}
{"coordinate":[-73.9992432888,40.7596247006],"geometry_type":"LineString","incident_type":9}
{"coordinate":[-73.9967327411,40.7570846408],"geometry_type":"LineString","incident_type":9}
{"coordinate":[-73.9862225051,40.7823229008],"geometry_type":"LineString","incident_type":9}
{"coordinate":[-73.9822984333,40.772084933],"geometry_type":"LineString","incident_type":6}
{"coordinate":[-73.98226624680001,40.77269510555],"geometry_type":"LineString","incident_type":6}
{"coordinate":[-73.9818089302,40.7728721736],"geometry_type":"LineString","incident_type":6}
{"coordinate":[-73.9757444556,40.756281371200004],"geometry_type":"LineString","incident_type":8}
{"coordinate":[-73.96387635125001,40.775354534200005],"geometry_type":"LineString","incident_type":8}
{"coordinate":[-73.9649794097,40.7836854703],"geometry_type":"LineString","incident_type":0}
{"coordinate":[-73.9626297946,40.781432446],"geometry_type":"LineString","incident_type":0}
{"coordinate":[-73.9635417457,40.7743674731],"geometry_type":"LineString","incident_type":6}
{"coordinate":[-73.9618076975,40.7806076698],"geometry_type":"LineString","incident_type":0}
{"coordinate":[-73.9618036742,40.7778999582],"geometry_type":"LineString","incident_type":8}
{"coordinate":[-73.9631796474,40.7777618436],"geometry_type":"LineString","incident_type":0}
{"coordinate":[-73.9608957465,40.7791740137],"geometry_type":"LineString","incident_type":8}
{"coordinate":[-73.9608655716,40.7799934126],"geometry_type":"LineString","incident_type":8}
{"coordinate":[-73.9645140464,40.7835339129],"geometry_type":"LineString","incident_type":8}
{"coordinate":[-73.9524374003,40.7768995096],"geometry_type":"LineString","incident_type":9}
{"coordinate":[-73.9690442975,40.7467903321],"geometry_type":"LineString","incident_type":7}
{"coordinate":[-73.94262185644999,40.7826762868],"geometry_type":"LineString","incident_type":6}
