{"coordinate":[-73.9477408524,40.7929324209],"geometry_type":"LineString","incident_type":6}
{"coordinate":[-73.94555216980001,40.7932321285],"geometry_type":"LineString","incident_type":6}
{"coordinate":[-73.962082624,40.7548584611],"geometry_type":"LineString","incident_type":9}
