{"coordinate":[-73.9468624289,40.79461211485],"geometry_type":"LineString","incident_type":6}
{"coordinate":[-73.9437041278,40.7911339518],"geometry_type":"LineString","incident_type":6}
{"coordinate":[-73.962082624,40.7548584611],"geometry_type":"LineString","incident_type":9}
{"coordinate":[-73.94256687115,40.78733797555],"geometry_type":"LineString","incident_type":6}
