{"coordinate":[-73.9370991881,40.8079567859],"geometry_type":"LineString","incident_type":6}
{"coordinate":[-73.9358184333,40.8070247385],"geometry_type":"LineString","incident_type":6}
{"coordinate":[-73.93478310065001,40.8062824092],"geometry_type":"LineString","incident_type":6}
