{"coordinate":[-73.98421084835,40.7856917648],"geometry_type":"LineString","incident_type":8}
{"coordinate":[-73.9792957003,40.7818186497],"geometry_type":"LineString","incident_type":6}
{"coordinate":[-73.9799742992,40.7838410257],"geometry_type":"LineString","incident_type":6}
