{"coordinate":[-73.9699777062,40.7996996117],"geometry_type":"LineString","incident_type":0}
{"coordinate":[-73.9663191731,40.792355718],"geometry_type":"LineString","incident_type":6}
{"coordinate":[-73.9634518917,40.7773675554],"geometry_type":"LineString","incident_type":6}
