{"coordinate":[-73.95481853140001,40.784974931250005],"geometry_type":"LineString","incident_type":8}
{"coordinate":[-73.9524655635,40.7915095015],"geometry_type":"LineString","incident_type":6}
{"coordinate":[-73.95275188935,40.792035190549996],"geometry_type":"LineString","incident_type":6}
{"coordinate":[-73.9512411351,40.7785517461],"geometry_type":"LineString","incident_type":6}
{"coordinate":[-73.94834233775,40.79259644445],"geometry_type":"LineString","incident_type":6}
{"coordinate":[-73.9472781713,40.8043585829],"geometry_type":"LineString","incident_type":0}
