{"coordinate":[-73.9639963801,40.8080640679],"geometry_type":"LineString","incident_type":6}
{"coordinate":[-73.96356454445001,40.7772119848],"geometry_type":"LineString","incident_type":6}
{"coordinate":[-73.95674167525,40.78496353995],"geometry_type":"LineString","incident_type":8}
{"coordinate":[-73.9571580882,40.784318479],"geometry_type":"LineString","incident_type":8}
