{"coordinate":[-73.9438201333,40.7956159459],"geometry_type":"LineString","incident_type":6}
{"coordinate":[-73.9414255912,40.8020371644],"geometry_type":"LineString","incident_type":6}
{"coordinate":[-73.9391658301,40.8051055969],"geometry_type":"LineString","incident_type":6}
{"coordinate":[-73.9375270004,40.8042419048],"geometry_type":"LineString","incident_type":6}
