{"coordinate":[-73.9472781713,40.8043585829],"geometry_type":"LineString","incident_type":0}
{"coordinate":[-73.9462361331,40.7922953695],"geometry_type":"LineString","incident_type":6}
{"coordinate":[-73.962082624,40.7548584611],"geometry_type":"LineString","incident_type":9}
