{"coordinate":[-73.95481853140001,40.784974931250005],"geometry_type":"LineString","incident_type":8}
{"coordinate":[-73.9544410105,40.7890431965],"geometry_type":"LineString","incident_type":6}
{"coordinate":[-73.9612404103,40.7801489769],"geometry_type":"LineString","incident_type":6}
{"coordinate":[-73.9524655635,40.7915095015],"geometry_type":"LineString","incident_type":6}
{"coordinate":[-73.9515026505,40.793740386500005],"geometry_type":"LineString","incident_type":6}
{"coordinate":[-73.9478950794,40.7929967666],"geometry_type":"LineString","incident_type":6}
{"coordinate":[-73.9472781713,40.8043585829],"geometry_type":"LineString","incident_type":0}
{"coordinate":[-73.948750704,40.7915832405],"geometry_type":"LineString","incident_type":6}
