{"coordinate":[-73.98421084835,40.7856917648],"geometry_type":"LineString","incident_type":8}
{"coordinate":[-73.9799240078,40.783820907],"geometry_type":"LineString","incident_type":6}
{"coordinate":[-73.9699777062,40.7996996117],"geometry_type":"LineString","incident_type":6}
