{"coordinate":[-73.9508817191,40.7790532926],"geometry_type":"LineString","incident_type":6}
{"coordinate":[-73.9478950794,40.7929967666],"geometry_type":"LineString","incident_type":6}
{"coordinate":[-73.9486380513,40.79219678735],"geometry_type":"LineString","incident_type":6}
