{"coordinate":[-73.97167085065,40.78211101425],"geometry_type":"LineString","incident_type":6}
{"coordinate":[-73.9708936806,40.7984389577],"geometry_type":"LineString","incident_type":6}
{"coordinate":[-73.9699777062,40.7996996117],"geometry_type":"LineString","incident_type":0}
