{"coordinate":[-73.9663191731,40.792355718],"geometry_type":"LineString","incident_type":6}
{"coordinate":[-73.963276207,40.7776317262],"geometry_type":"LineString","incident_type":6}
{"coordinate":[-73.95727543485,40.78436607815],"geometry_type":"LineString","incident_type":8}
{"coordinate":[-73.95674167525,40.78496353995],"geometry_type":"LineString","incident_type":8}
{"coordinate":[-73.95481853140001,40.784974931250005],"geometry_type":"LineString","incident_type":8}
{"coordinate":[-73.95372486069999,40.790673998550005],"geometry_type":"LineString","incident_type":6}
