{"coordinate":[-73.97358863004999,40.7870845343],"geometry_type":"LineString","incident_type":6}
{"coordinate":[-73.97125711985001,40.78521568325],"geometry_type":"LineString","incident_type":6}
{"coordinate":[-73.9699777062,40.7996996117],"geometry_type":"LineString","incident_type":0}
{"coordinate":[-73.9680103059,40.7921961212],"geometry_type":"LineString","incident_type":6}
