{"coordinate":[-73.93624624559999,40.8059853603],"geometry_type":"LineString","incident_type":6}
{"coordinate":[-73.9370991881,40.8079567859],"geometry_type":"LineString","incident_type":6}
{"coordinate":[-73.9358184333,40.8070247385],"geometry_type":"LineString","incident_type":6}
