{"coordinate":[-73.9347710307,40.8041373448],"geometry_type":"LineString","incident_type":6}
{"coordinate":[-73.93845638585,40.79607459525],"geometry_type":"LineString","incident_type":6}
{"coordinate":[-73.9325065757,40.804846103399996],"geometry_type":"LineString","incident_type":6}
{"coordinate":[-73.93284252235,40.8061007003],"geometry_type":"LineString","incident_type":6}
{"coordinate":[-73.9340870674,40.806895312799995],"geometry_type":"LineString","incident_type":6}
{"coordinate":[-73.9325152929,40.8056996999],"geometry_type":"LineString","incident_type":6}
{"coordinate":[-73.9425252969,40.7840140339],"geometry_type":"LineString","incident_type":6}
