{"coordinate":[-73.9616266484,40.7769973843],"geometry_type":"LineString","incident_type":6}
{"coordinate":[-73.95727543485,40.78436607815],"geometry_type":"LineString","incident_type":8}
{"coordinate":[-73.95674167525,40.78496353995],"geometry_type":"LineString","incident_type":8}
