{"coordinate":[-73.94505998445,40.7870234856],"geometry_type":"LineString","incident_type":6}
{"coordinate":[-73.9399316008,40.8095875678],"geometry_type":"LineString","incident_type":6}
{"coordinate":[-73.9384791846,40.8057023646],"geometry_type":"LineString","incident_type":6}
