{"coordinate":[-73.9716017838,40.7836961961],"geometry_type":"LineString","incident_type":6}
{"coordinate":[-73.9738025363,40.7837927915],"geometry_type":"LineString","incident_type":6}
{"coordinate":[-73.9729066784,40.785487916449995],"geometry_type":"LineString","incident_type":6}
