{"coordinate":[-73.93624624559999,40.8059853603],"geometry_type":"LineString","incident_type":6}
{"coordinate":[-73.9370991881,40.8079567859],"geometry_type":"LineString","incident_type":6}
{"coordinate":[-73.9348488147,40.8066733219],"geometry_type":"LineString","incident_type":6}
{"coordinate":[-73.93424330605,40.8074645934],"geometry_type":"LineString","incident_type":6}
