{"coordinate":[-73.9384121294,40.8056748928],"geometry_type":"LineString","incident_type":6}
{"coordinate":[-73.934659719,40.8065861495],"geometry_type":"LineString","incident_type":6}
{"coordinate":[-73.9325065757,40.804846103399996],"geometry_type":"LineString","incident_type":6}
{"coordinate":[-73.93284252235,40.8061007003],"geometry_type":"LineString","incident_type":6}
{"coordinate":[-73.93387785505,40.80718163495],"geometry_type":"LineString","incident_type":6}
{"coordinate":[-73.942603081,40.7767439379],"geometry_type":"LineString","incident_type":6}
