{"coordinate":[-73.98421084835,40.7856917648],"geometry_type":"LineString","incident_type":8}
{"coordinate":[-73.9811652,40.7843506561],"geometry_type":"LineString","incident_type":6}
{"coordinate":[-73.97856748059999,40.78281375565],"geometry_type":"LineString","incident_type":6}
{"coordinate":[-73.9740627105,40.7839013819],"geometry_type":"LineString","incident_type":6}
