{"weather":"Rain","average_temp":282.33666666666664,"average_humidity":75.0,"average_wind_speed":5.739999999999999,"average_rain":1.17,"average_visibility":9724.333333333334}
