{"weather":"Rain","average_temp":282.50333333333333,"average_humidity":75.0,"average_wind_speed":5.733333333333334,"average_rain":1.1633333333333333,"average_visibility":9769.333333333334}
