{"weather":"Rain","average_temp":283.3327089337176,"average_humidity":71.26224783861672,"average_wind_speed":6.904380403458215,"average_rain":0.16999999999999996,"average_visibility":10000.0}
