{
    "weather": "Clouds",
    "average_temp": 286.25761831115113,
    "average_humidity": 92.05064955150016,
    "average_wind_speed": 7.385669656665548,
    "average_rain": 0.012326786266625495,
    "average_visibility": 10000.0
}