{"average_speed":19.688395206080095,"average_speed_percent":0.9278595882319853}
