{"average_speed":27.763688760806918,"average_speed_percent":0.8952485997399509}
